{
	"format_version": "1.12.0",
	"minecraft:geometry": [
		{
			"description": {
				"identifier": "geometry.world_border",
				"texture_width": 64,
				"texture_height": 64,
				"visible_bounds_width": 3,
				"visible_bounds_height": 2.5,
				"visible_bounds_offset": [0, 0.75, 0]
			},
			"bones": [
				{
					"name": "bone",
					"pivot": [0, 0, 0],
					"cubes": [
						{
							"origin": [-8, 0, 7],
							"size": [16, 16, 0],
							"uv": {
								"north": {"uv": [0, 0], "uv_size": [64, 64], "material_instance": "border"},
								"east": {"uv": [0, 0], "uv_size": [8, 64], "material_instance": "border"},
								"south": {"uv": [64, 0], "uv_size": [-64, 64], "material_instance": "border"},
								"west": {"uv": [0, 0], "uv_size": [8, 64], "material_instance": "border"},
								"up": {"uv": [64, 8], "uv_size": [-64, -8], "material_instance": "border"},
								"down": {"uv": [64, 8], "uv_size": [-64, -8], "material_instance": "border"}
							}
						}
					]
				}
			]
		}
	]
}